{
  "0": 0.7563805104408353,
  "1": 1.4751131221719458
}